<?xml version="1.0" encoding="UTF-8"?>
<export version="D">
  <design>
    <source>C:\Users\donny\work\rotom\stroller\stroller_hw\driver_v0.3\driver_v0.3.sch</source>
    <date>2021-10-12 오후 1:10:00</date>
    <tool>Eeschema (5.1.10)-1</tool>
    <sheet number="1" name="/" tstamps="/">
      <title_block>
        <title>Stroller Driver</title>
        <company>Rotom</company>
        <rev>v0.3</rev>
        <date>2021-09-06</date>
        <source>driver_v0.3.sch</source>
        <comment number="1" value=""/>
        <comment number="2" value=""/>
        <comment number="3" value=""/>
        <comment number="4" value=""/>
      </title_block>
    </sheet>
    <sheet number="2" name="/Battery Level Guage/" tstamps="/61331951/">
      <title_block>
        <title/>
        <company/>
        <rev/>
        <date/>
        <source>battery_level.sch</source>
        <comment number="1" value=""/>
        <comment number="2" value=""/>
        <comment number="3" value=""/>
        <comment number="4" value=""/>
      </title_block>
    </sheet>
    <sheet number="3" name="/Power Management/" tstamps="/61340786/">
      <title_block>
        <title/>
        <company/>
        <rev/>
        <date/>
        <source>power.sch</source>
        <comment number="1" value=""/>
        <comment number="2" value=""/>
        <comment number="3" value=""/>
        <comment number="4" value=""/>
      </title_block>
    </sheet>
  </design>
  <components>
    <comp ref="U1">
      <value>ESP32-WROOM-32</value>
      <footprint>RF_Module:ESP32-WROOM-32</footprint>
      <datasheet>https://www.espressif.com/sites/default/files/documentation/esp32-wroom-32_datasheet_en.pdf</datasheet>
      <fields>
        <field name="MPN">ESP32-WROOM-32E</field>
      </fields>
      <libsource lib="RF_Module" part="ESP32-WROOM-32" description="RF Module, ESP32-D0WDQ6 SoC, Wi-Fi 802.11b/g/n, Bluetooth, BLE, 32-bit, 2.7-3.6V, onboard antenna, SMD"/>
      <sheetpath names="/" tstamps="/"/>
      <tstamp>6132F2D2</tstamp>
    </comp>
    <comp ref="J3">
      <value>Batt</value>
      <footprint>Connector_AMASS:AMASS_XT30U-F_1x02_P5.0mm_Vertical</footprint>
      <datasheet>~</datasheet>
      <libsource lib="Connector_Generic" part="Conn_01x02" description="Generic connector, single row, 01x02, script generated (kicad-library-utils/schlib/autogen/connector/)"/>
      <sheetpath names="/" tstamps="/"/>
      <tstamp>61340A41</tstamp>
    </comp>
    <comp ref="R1">
      <value>100k</value>
      <footprint>Resistor_SMD:R_0603_1608Metric</footprint>
      <datasheet>~</datasheet>
      <libsource lib="Device" part="R" description="Resistor"/>
      <sheetpath names="/" tstamps="/"/>
      <tstamp>6134D440</tstamp>
    </comp>
    <comp ref="R3">
      <value>100</value>
      <footprint>Resistor_SMD:R_0603_1608Metric</footprint>
      <datasheet>~</datasheet>
      <libsource lib="Device" part="R" description="Resistor"/>
      <sheetpath names="/" tstamps="/"/>
      <tstamp>6134D745</tstamp>
    </comp>
    <comp ref="C2">
      <value>0.1u</value>
      <footprint>Capacitor_SMD:C_0603_1608Metric</footprint>
      <datasheet>~</datasheet>
      <libsource lib="Device" part="C" description="Unpolarized capacitor"/>
      <sheetpath names="/" tstamps="/"/>
      <tstamp>6134E20F</tstamp>
    </comp>
    <comp ref="SW1">
      <value>EN</value>
      <footprint>Tact_Switch:CTT-1135P1</footprint>
      <datasheet>~</datasheet>
      <libsource lib="Switch" part="SW_Push" description="Push button switch, generic, two pins"/>
      <sheetpath names="/" tstamps="/"/>
      <tstamp>6134F01B</tstamp>
    </comp>
    <comp ref="R2">
      <value>100k</value>
      <footprint>Resistor_SMD:R_0603_1608Metric</footprint>
      <datasheet>~</datasheet>
      <libsource lib="Device" part="R" description="Resistor"/>
      <sheetpath names="/" tstamps="/"/>
      <tstamp>613521E4</tstamp>
    </comp>
    <comp ref="R4">
      <value>100</value>
      <footprint>Resistor_SMD:R_0603_1608Metric</footprint>
      <datasheet>~</datasheet>
      <libsource lib="Device" part="R" description="Resistor"/>
      <sheetpath names="/" tstamps="/"/>
      <tstamp>613521ED</tstamp>
    </comp>
    <comp ref="C3">
      <value>0.1u</value>
      <footprint>Capacitor_SMD:C_0603_1608Metric</footprint>
      <datasheet>~</datasheet>
      <libsource lib="Device" part="C" description="Unpolarized capacitor"/>
      <sheetpath names="/" tstamps="/"/>
      <tstamp>613521F4</tstamp>
    </comp>
    <comp ref="SW2">
      <value>EN</value>
      <footprint>Tact_Switch:CTT-1135P1</footprint>
      <datasheet>~</datasheet>
      <libsource lib="Switch" part="SW_Push" description="Push button switch, generic, two pins"/>
      <sheetpath names="/" tstamps="/"/>
      <tstamp>61352201</tstamp>
    </comp>
    <comp ref="R5">
      <value>100</value>
      <footprint>Resistor_SMD:R_0603_1608Metric</footprint>
      <datasheet>~</datasheet>
      <libsource lib="Device" part="R" description="Resistor"/>
      <sheetpath names="/" tstamps="/"/>
      <tstamp>61355955</tstamp>
    </comp>
    <comp ref="C1">
      <value>0.1u</value>
      <footprint>Capacitor_SMD:C_0603_1608Metric</footprint>
      <datasheet>~</datasheet>
      <libsource lib="Device" part="C" description="Unpolarized capacitor"/>
      <sheetpath names="/" tstamps="/"/>
      <tstamp>6135595C</tstamp>
    </comp>
    <comp ref="J5">
      <value>Button</value>
      <footprint>Connector_JST:JST_PH_S2B-PH-K_1x02_P2.00mm_Horizontal</footprint>
      <datasheet>~</datasheet>
      <libsource lib="Connector_Generic" part="Conn_01x02" description="Generic connector, single row, 01x02, script generated (kicad-library-utils/schlib/autogen/connector/)"/>
      <sheetpath names="/" tstamps="/"/>
      <tstamp>613565DF</tstamp>
    </comp>
    <comp ref="J4">
      <value>UART0</value>
      <footprint>Connector_JST:JST_PH_B5B-PH-K_1x05_P2.00mm_Vertical</footprint>
      <datasheet>~</datasheet>
      <libsource lib="Connector_Generic" part="Conn_01x05" description="Generic connector, single row, 01x05, script generated (kicad-library-utils/schlib/autogen/connector/)"/>
      <sheetpath names="/" tstamps="/"/>
      <tstamp>613756A1</tstamp>
    </comp>
    <comp ref="J6">
      <value>UART2</value>
      <footprint>Connector_JST:JST_PH_B5B-PH-K_1x05_P2.00mm_Vertical</footprint>
      <datasheet>~</datasheet>
      <libsource lib="Connector_Generic" part="Conn_01x05" description="Generic connector, single row, 01x05, script generated (kicad-library-utils/schlib/autogen/connector/)"/>
      <sheetpath names="/" tstamps="/"/>
      <tstamp>61376D7B</tstamp>
    </comp>
    <comp ref="J7">
      <value>LED</value>
      <footprint>Connector_JST:JST_PH_S2B-PH-K_1x02_P2.00mm_Horizontal</footprint>
      <datasheet>~</datasheet>
      <libsource lib="Connector_Generic" part="Conn_01x02" description="Generic connector, single row, 01x02, script generated (kicad-library-utils/schlib/autogen/connector/)"/>
      <sheetpath names="/" tstamps="/"/>
      <tstamp>61378A74</tstamp>
    </comp>
    <comp ref="Q1">
      <value>N-FET</value>
      <footprint>Package_TO_SOT_THT:TO-220-3_Horizontal_TabDown</footprint>
      <datasheet>https://www.eleparts.co.kr/goods/view?no=2131</datasheet>
      <fields>
        <field name="MPN">IRFZ44NPBF</field>
      </fields>
      <libsource lib="Device" part="Q_NMOS_GDS" description="N-MOSFET transistor, gate/drain/source"/>
      <sheetpath names="/" tstamps="/"/>
      <tstamp>61379872</tstamp>
    </comp>
    <comp ref="D1">
      <value>LED</value>
      <footprint>LED_SMD:LED_0805_2012Metric_Pad1.15x1.40mm_HandSolder</footprint>
      <datasheet>~</datasheet>
      <libsource lib="Device" part="LED" description="Light emitting diode"/>
      <sheetpath names="/" tstamps="/"/>
      <tstamp>61380801</tstamp>
    </comp>
    <comp ref="R6">
      <value>560</value>
      <footprint>Resistor_SMD:R_0603_1608Metric</footprint>
      <datasheet>~</datasheet>
      <libsource lib="Device" part="R" description="Resistor"/>
      <sheetpath names="/" tstamps="/"/>
      <tstamp>61385448</tstamp>
    </comp>
    <comp ref="J1">
      <value>Conn_01x03</value>
      <footprint>Connector_PinHeader_2.54mm:PinHeader_1x03_P2.54mm_Vertical</footprint>
      <datasheet>~</datasheet>
      <libsource lib="Connector_Generic" part="Conn_01x03" description="Generic connector, single row, 01x03, script generated (kicad-library-utils/schlib/autogen/connector/)"/>
      <sheetpath names="/" tstamps="/"/>
      <tstamp>61493B47</tstamp>
    </comp>
    <comp ref="J2">
      <value>Conn_01x03</value>
      <footprint>Connector_PinHeader_2.54mm:PinHeader_1x03_P2.54mm_Vertical</footprint>
      <datasheet>~</datasheet>
      <libsource lib="Connector_Generic" part="Conn_01x03" description="Generic connector, single row, 01x03, script generated (kicad-library-utils/schlib/autogen/connector/)"/>
      <sheetpath names="/" tstamps="/"/>
      <tstamp>61496E91</tstamp>
    </comp>
    <comp ref="D2">
      <value>zenor/32v</value>
      <footprint>Diode_SMD:D_SOD-123</footprint>
      <datasheet>https://kr.mouser.com/ProductDetail/771-BZT52-C30J</datasheet>
      <fields>
        <field name="MPN">BZT52-C30J</field>
      </fields>
      <libsource lib="Diode" part="1N53xxB" description="5000mW Zener Diode, DO-201"/>
      <sheetpath names="/Battery Level Guage/" tstamps="/61331951/"/>
      <tstamp>61332002</tstamp>
    </comp>
    <comp ref="D3">
      <value>zenor/2v</value>
      <footprint>Diode_SMD:D_SOD-523</footprint>
      <datasheet>https://kr.mouser.com/ProductDetail/621-BZT52C2V0T-7</datasheet>
      <fields>
        <field name="MPN">BZT52C2V0T-7</field>
      </fields>
      <libsource lib="Diode" part="1N53xxB" description="5000mW Zener Diode, DO-201"/>
      <sheetpath names="/Battery Level Guage/" tstamps="/61331951/"/>
      <tstamp>613320F6</tstamp>
    </comp>
    <comp ref="D8">
      <value>zenor/3.3v</value>
      <footprint>Diode_SMD:D_SOD-323</footprint>
      <datasheet>https://kr.mouser.com/ProductDetail/Nexperia/BZX384-B3V3115?qs=me8TqzrmIYVuHLWhEzkEXA%3D%3D</datasheet>
      <fields>
        <field name="MPN">BZX384-B3V3,115</field>
      </fields>
      <libsource lib="Diode" part="1N53xxB" description="5000mW Zener Diode, DO-201"/>
      <sheetpath names="/Battery Level Guage/" tstamps="/61331951/"/>
      <tstamp>61332980</tstamp>
    </comp>
    <comp ref="D4">
      <value>zenor/2v</value>
      <footprint>Diode_SMD:D_SOD-523</footprint>
      <datasheet>https://kr.mouser.com/ProductDetail/621-BZT52C2V0T-7</datasheet>
      <fields>
        <field name="MPN">BZT52C2V0T-7</field>
      </fields>
      <libsource lib="Diode" part="1N53xxB" description="5000mW Zener Diode, DO-201"/>
      <sheetpath names="/Battery Level Guage/" tstamps="/61331951/"/>
      <tstamp>61334227</tstamp>
    </comp>
    <comp ref="D5">
      <value>zenor/2v</value>
      <footprint>Diode_SMD:D_SOD-523</footprint>
      <datasheet>https://kr.mouser.com/ProductDetail/621-BZT52C2V0T-7</datasheet>
      <fields>
        <field name="MPN">BZT52C2V0T-7</field>
      </fields>
      <libsource lib="Diode" part="1N53xxB" description="5000mW Zener Diode, DO-201"/>
      <sheetpath names="/Battery Level Guage/" tstamps="/61331951/"/>
      <tstamp>61334A8C</tstamp>
    </comp>
    <comp ref="D6">
      <value>zenor/2v</value>
      <footprint>Diode_SMD:D_SOD-523</footprint>
      <datasheet>https://kr.mouser.com/ProductDetail/621-BZT52C2V0T-7</datasheet>
      <fields>
        <field name="MPN">BZT52C2V0T-7</field>
      </fields>
      <libsource lib="Diode" part="1N53xxB" description="5000mW Zener Diode, DO-201"/>
      <sheetpath names="/Battery Level Guage/" tstamps="/61331951/"/>
      <tstamp>61335545</tstamp>
    </comp>
    <comp ref="D7">
      <value>zenor/2v</value>
      <footprint>Diode_SMD:D_SOD-523</footprint>
      <datasheet>https://kr.mouser.com/ProductDetail/621-BZT52C2V0T-7</datasheet>
      <fields>
        <field name="MPN">BZT52C2V0T-7</field>
      </fields>
      <libsource lib="Diode" part="1N53xxB" description="5000mW Zener Diode, DO-201"/>
      <sheetpath names="/Battery Level Guage/" tstamps="/61331951/"/>
      <tstamp>613356C6</tstamp>
    </comp>
    <comp ref="R8">
      <value>560</value>
      <footprint>Resistor_SMD:R_0603_1608Metric</footprint>
      <datasheet>~</datasheet>
      <libsource lib="Device" part="R" description="Resistor"/>
      <sheetpath names="/Battery Level Guage/" tstamps="/61331951/"/>
      <tstamp>6133673B</tstamp>
    </comp>
    <comp ref="D9">
      <value>RED</value>
      <footprint>LED_SMD:LED_0805_2012Metric</footprint>
      <datasheet>https://www.eleparts.co.kr/goods/view?no=8104618</datasheet>
      <fields>
        <field name="MPN">WR148SR-W</field>
      </fields>
      <libsource lib="Device" part="LED" description="Light emitting diode"/>
      <sheetpath names="/Battery Level Guage/" tstamps="/61331951/"/>
      <tstamp>61336CA1</tstamp>
    </comp>
    <comp ref="R9">
      <value>430</value>
      <footprint>Resistor_SMD:R_0603_1608Metric</footprint>
      <datasheet>~</datasheet>
      <libsource lib="Device" part="R" description="Resistor"/>
      <sheetpath names="/Battery Level Guage/" tstamps="/61331951/"/>
      <tstamp>6133AF22</tstamp>
    </comp>
    <comp ref="D10">
      <value>RED</value>
      <footprint>LED_SMD:LED_0805_2012Metric</footprint>
      <datasheet>https://www.eleparts.co.kr/goods/view?no=8104618</datasheet>
      <fields>
        <field name="MPN">WR148SR-W</field>
      </fields>
      <libsource lib="Device" part="LED" description="Light emitting diode"/>
      <sheetpath names="/Battery Level Guage/" tstamps="/61331951/"/>
      <tstamp>6133AF29</tstamp>
    </comp>
    <comp ref="R10">
      <value>280</value>
      <footprint>Resistor_SMD:R_0603_1608Metric</footprint>
      <datasheet>~</datasheet>
      <libsource lib="Device" part="R" description="Resistor"/>
      <sheetpath names="/Battery Level Guage/" tstamps="/61331951/"/>
      <tstamp>6133B09F</tstamp>
    </comp>
    <comp ref="D11">
      <value>RED</value>
      <footprint>LED_SMD:LED_0805_2012Metric</footprint>
      <datasheet>https://www.eleparts.co.kr/goods/view?no=8104618</datasheet>
      <fields>
        <field name="MPN">WR148SR-W</field>
      </fields>
      <libsource lib="Device" part="LED" description="Light emitting diode"/>
      <sheetpath names="/Battery Level Guage/" tstamps="/61331951/"/>
      <tstamp>6133B0A6</tstamp>
    </comp>
    <comp ref="R11">
      <value>150</value>
      <footprint>Resistor_SMD:R_0603_1608Metric</footprint>
      <datasheet>~</datasheet>
      <libsource lib="Device" part="R" description="Resistor"/>
      <sheetpath names="/Battery Level Guage/" tstamps="/61331951/"/>
      <tstamp>6133B1CC</tstamp>
    </comp>
    <comp ref="D12">
      <value>RED</value>
      <footprint>LED_SMD:LED_0805_2012Metric</footprint>
      <datasheet>https://www.eleparts.co.kr/goods/view?no=8104618</datasheet>
      <fields>
        <field name="MPN">WR148SR-W</field>
      </fields>
      <libsource lib="Device" part="LED" description="Light emitting diode"/>
      <sheetpath names="/Battery Level Guage/" tstamps="/61331951/"/>
      <tstamp>6133B1D3</tstamp>
    </comp>
    <comp ref="R12">
      <value>100</value>
      <footprint>Resistor_SMD:R_0603_1608Metric</footprint>
      <datasheet>~</datasheet>
      <libsource lib="Device" part="R" description="Resistor"/>
      <sheetpath names="/Battery Level Guage/" tstamps="/61331951/"/>
      <tstamp>6133B302</tstamp>
    </comp>
    <comp ref="D13">
      <value>RED</value>
      <footprint>LED_SMD:LED_0805_2012Metric</footprint>
      <datasheet>https://www.eleparts.co.kr/goods/view?no=8104618</datasheet>
      <fields>
        <field name="MPN">WR148SR-W</field>
      </fields>
      <libsource lib="Device" part="LED" description="Light emitting diode"/>
      <sheetpath names="/Battery Level Guage/" tstamps="/61331951/"/>
      <tstamp>6133B309</tstamp>
    </comp>
    <comp ref="R7">
      <value>100k</value>
      <footprint>Resistor_SMD:R_0603_1608Metric</footprint>
      <datasheet>~</datasheet>
      <libsource lib="Device" part="R" description="Resistor"/>
      <sheetpath names="/Battery Level Guage/" tstamps="/61331951/"/>
      <tstamp>6133BA16</tstamp>
    </comp>
    <comp ref="U2">
      <value>LM2576HVT-5</value>
      <footprint>Package_TO_SOT_THT:TO-220-5_Horizontal_TabDown</footprint>
      <datasheet>http://www.ti.com/lit/ds/symlink/lm2576.pdf</datasheet>
      <fields>
        <field name="MPN">LM2576HVT-5.0/NOPB</field>
      </fields>
      <libsource lib="Regulator_Switching" part="LM2576HVT-5" description="5V, 3A SIMPLE SWITCHER® Step-Down Voltage Regulator, High Voltage Input, TO-220-5"/>
      <sheetpath names="/Power Management/" tstamps="/61340786/"/>
      <tstamp>613410E1</tstamp>
    </comp>
    <comp ref="C4">
      <value>100uF/50V</value>
      <footprint>Capacitor_SMD:CP_Elec_8x10.5</footprint>
      <datasheet>https://www.eleparts.co.kr/goods/view?no=10228652</datasheet>
      <fields>
        <field name="MPN">RVT100UF50V67RV0040</field>
      </fields>
      <libsource lib="Device" part="CP" description="Polarized capacitor"/>
      <sheetpath names="/Power Management/" tstamps="/61340786/"/>
      <tstamp>613413FC</tstamp>
    </comp>
    <comp ref="D14">
      <value>1N5822</value>
      <footprint>Diode_THT:D_DO-201AD_P12.70mm_Horizontal</footprint>
      <datasheet>https://www.eleparts.co.kr/goods/view?no=263</datasheet>
      <fields>
        <field name="MPN">1N5822</field>
      </fields>
      <libsource lib="Device" part="D_Schottky" description="Schottky diode"/>
      <sheetpath names="/Power Management/" tstamps="/61340786/"/>
      <tstamp>613422B8</tstamp>
    </comp>
    <comp ref="L1">
      <value>100uH</value>
      <footprint>Inductor_THT:L_Toroid_Vertical_L24.6mm_W15.5mm_P11.44mm_Pulse_KM-4</footprint>
      <datasheet>https://www.eleparts.co.kr/goods/view?no=2449939</datasheet>
      <fields>
        <field name="MPN">DPO-3.0-100</field>
      </fields>
      <libsource lib="Device" part="L" description="Inductor"/>
      <sheetpath names="/Power Management/" tstamps="/61340786/"/>
      <tstamp>61342BFA</tstamp>
    </comp>
    <comp ref="C5">
      <value>1000uF/6.3V</value>
      <footprint>Capacitor_SMD:CP_Elec_8x11.9</footprint>
      <datasheet>https://www.eleparts.co.kr/goods/view?no=10159813</datasheet>
      <fields>
        <field name="MPN">PCL0J102MCL1GS</field>
      </fields>
      <libsource lib="Device" part="CP" description="Polarized capacitor"/>
      <sheetpath names="/Power Management/" tstamps="/61340786/"/>
      <tstamp>613431D1</tstamp>
    </comp>
    <comp ref="U3">
      <value>LD1117S33TR_SOT223</value>
      <footprint>Package_TO_SOT_SMD:SOT-223-3_TabPin2</footprint>
      <datasheet>https://www.eleparts.co.kr/goods/view?no=7043405</datasheet>
      <fields>
        <field name="MPN">ZLDO1117QG33TA</field>
      </fields>
      <libsource lib="Regulator_Linear" part="LD1117S33TR_SOT223" description="800mA Fixed Low Drop Positive Voltage Regulator, Fixed Output 3.3V, SOT-223"/>
      <sheetpath names="/Power Management/" tstamps="/61340786/"/>
      <tstamp>613447CF</tstamp>
    </comp>
    <comp ref="C6">
      <value>4.7uF/3216</value>
      <footprint>Capacitor_SMD:C_1206_3216Metric_Pad1.33x1.80mm_HandSolder</footprint>
      <datasheet>https://www.eleparts.co.kr/goods/view?no=10364622</datasheet>
      <fields>
        <field name="MPN">1206YG475ZAT2A</field>
      </fields>
      <libsource lib="Device" part="C" description="Unpolarized capacitor"/>
      <sheetpath names="/Power Management/" tstamps="/61340786/"/>
      <tstamp>61345427</tstamp>
    </comp>
    <comp ref="C7">
      <value>4.7uF/3216</value>
      <footprint>Capacitor_SMD:C_1206_3216Metric_Pad1.33x1.80mm_HandSolder</footprint>
      <datasheet>https://www.eleparts.co.kr/goods/view?no=10364622</datasheet>
      <fields>
        <field name="MPN">1206YG475ZAT2A</field>
      </fields>
      <libsource lib="Device" part="C" description="Unpolarized capacitor"/>
      <sheetpath names="/Power Management/" tstamps="/61340786/"/>
      <tstamp>61345A34</tstamp>
    </comp>
  </components>
  <libparts>
    <libpart lib="Connector_Generic" part="Conn_01x02">
      <description>Generic connector, single row, 01x02, script generated (kicad-library-utils/schlib/autogen/connector/)</description>
      <docs>~</docs>
      <footprints>
        <fp>Connector*:*_1x??_*</fp>
      </footprints>
      <fields>
        <field name="Reference">J</field>
        <field name="Value">Conn_01x02</field>
      </fields>
      <pins>
        <pin num="1" name="Pin_1" type="passive"/>
        <pin num="2" name="Pin_2" type="passive"/>
      </pins>
    </libpart>
    <libpart lib="Connector_Generic" part="Conn_01x03">
      <description>Generic connector, single row, 01x03, script generated (kicad-library-utils/schlib/autogen/connector/)</description>
      <docs>~</docs>
      <footprints>
        <fp>Connector*:*_1x??_*</fp>
      </footprints>
      <fields>
        <field name="Reference">J</field>
        <field name="Value">Conn_01x03</field>
      </fields>
      <pins>
        <pin num="1" name="Pin_1" type="passive"/>
        <pin num="2" name="Pin_2" type="passive"/>
        <pin num="3" name="Pin_3" type="passive"/>
      </pins>
    </libpart>
    <libpart lib="Connector_Generic" part="Conn_01x05">
      <description>Generic connector, single row, 01x05, script generated (kicad-library-utils/schlib/autogen/connector/)</description>
      <docs>~</docs>
      <footprints>
        <fp>Connector*:*_1x??_*</fp>
      </footprints>
      <fields>
        <field name="Reference">J</field>
        <field name="Value">Conn_01x05</field>
      </fields>
      <pins>
        <pin num="1" name="Pin_1" type="passive"/>
        <pin num="2" name="Pin_2" type="passive"/>
        <pin num="3" name="Pin_3" type="passive"/>
        <pin num="4" name="Pin_4" type="passive"/>
        <pin num="5" name="Pin_5" type="passive"/>
      </pins>
    </libpart>
    <libpart lib="Device" part="C">
      <description>Unpolarized capacitor</description>
      <docs>~</docs>
      <footprints>
        <fp>C_*</fp>
      </footprints>
      <fields>
        <field name="Reference">C</field>
        <field name="Value">C</field>
      </fields>
      <pins>
        <pin num="1" name="~" type="passive"/>
        <pin num="2" name="~" type="passive"/>
      </pins>
    </libpart>
    <libpart lib="Device" part="CP">
      <description>Polarized capacitor</description>
      <docs>~</docs>
      <footprints>
        <fp>CP_*</fp>
      </footprints>
      <fields>
        <field name="Reference">C</field>
        <field name="Value">CP</field>
      </fields>
      <pins>
        <pin num="1" name="~" type="passive"/>
        <pin num="2" name="~" type="passive"/>
      </pins>
    </libpart>
    <libpart lib="Device" part="D_Schottky">
      <description>Schottky diode</description>
      <docs>~</docs>
      <footprints>
        <fp>TO-???*</fp>
        <fp>*_Diode_*</fp>
        <fp>*SingleDiode*</fp>
        <fp>D_*</fp>
      </footprints>
      <fields>
        <field name="Reference">D</field>
        <field name="Value">D_Schottky</field>
      </fields>
      <pins>
        <pin num="1" name="K" type="passive"/>
        <pin num="2" name="A" type="passive"/>
      </pins>
    </libpart>
    <libpart lib="Device" part="L">
      <description>Inductor</description>
      <docs>~</docs>
      <footprints>
        <fp>Choke_*</fp>
        <fp>*Coil*</fp>
        <fp>Inductor_*</fp>
        <fp>L_*</fp>
      </footprints>
      <fields>
        <field name="Reference">L</field>
        <field name="Value">L</field>
      </fields>
      <pins>
        <pin num="1" name="1" type="passive"/>
        <pin num="2" name="2" type="passive"/>
      </pins>
    </libpart>
    <libpart lib="Device" part="LED">
      <description>Light emitting diode</description>
      <docs>~</docs>
      <footprints>
        <fp>LED*</fp>
        <fp>LED_SMD:*</fp>
        <fp>LED_THT:*</fp>
      </footprints>
      <fields>
        <field name="Reference">D</field>
        <field name="Value">LED</field>
      </fields>
      <pins>
        <pin num="1" name="K" type="passive"/>
        <pin num="2" name="A" type="passive"/>
      </pins>
    </libpart>
    <libpart lib="Device" part="Q_NMOS_GDS">
      <description>N-MOSFET transistor, gate/drain/source</description>
      <docs>~</docs>
      <fields>
        <field name="Reference">Q</field>
        <field name="Value">Q_NMOS_GDS</field>
      </fields>
      <pins>
        <pin num="1" name="G" type="input"/>
        <pin num="2" name="D" type="passive"/>
        <pin num="3" name="S" type="passive"/>
      </pins>
    </libpart>
    <libpart lib="Device" part="R">
      <description>Resistor</description>
      <docs>~</docs>
      <footprints>
        <fp>R_*</fp>
      </footprints>
      <fields>
        <field name="Reference">R</field>
        <field name="Value">R</field>
      </fields>
      <pins>
        <pin num="1" name="~" type="passive"/>
        <pin num="2" name="~" type="passive"/>
      </pins>
    </libpart>
    <libpart lib="Diode" part="1N53xxB">
      <description>5000mW Zener Diode, DO-201</description>
      <docs>https://diotec.com/tl_files/diotec/files/pdf/datasheets/1n5345b.pdf</docs>
      <footprints>
        <fp>D*DO?201*</fp>
      </footprints>
      <fields>
        <field name="Reference">D</field>
        <field name="Value">1N53xxB</field>
        <field name="Footprint">Diode_THT:D_DO-201_P15.24mm_Horizontal</field>
      </fields>
      <pins>
        <pin num="1" name="K" type="passive"/>
        <pin num="2" name="A" type="passive"/>
      </pins>
    </libpart>
    <libpart lib="RF_Module" part="ESP32-WROOM-32">
      <aliases>
        <alias>ESP32-WROOM-32D</alias>
      </aliases>
      <description>RF Module, ESP32-D0WDQ6 SoC, Wi-Fi 802.11b/g/n, Bluetooth, BLE, 32-bit, 2.7-3.6V, onboard antenna, SMD</description>
      <docs>https://www.espressif.com/sites/default/files/documentation/esp32-wroom-32_datasheet_en.pdf</docs>
      <footprints>
        <fp>ESP32?WROOM?32*</fp>
      </footprints>
      <fields>
        <field name="Reference">U</field>
        <field name="Value">ESP32-WROOM-32</field>
        <field name="Footprint">RF_Module:ESP32-WROOM-32</field>
      </fields>
      <pins>
        <pin num="1" name="GND" type="power_in"/>
        <pin num="2" name="VDD" type="power_in"/>
        <pin num="3" name="EN" type="input"/>
        <pin num="4" name="SENSOR_VP" type="input"/>
        <pin num="5" name="SENSOR_VN" type="input"/>
        <pin num="6" name="IO34" type="input"/>
        <pin num="7" name="IO35" type="input"/>
        <pin num="8" name="IO32" type="BiDi"/>
        <pin num="9" name="IO33" type="BiDi"/>
        <pin num="10" name="IO25" type="BiDi"/>
        <pin num="11" name="IO26" type="BiDi"/>
        <pin num="12" name="IO27" type="BiDi"/>
        <pin num="13" name="IO14" type="BiDi"/>
        <pin num="14" name="IO12" type="BiDi"/>
        <pin num="15" name="GND" type="passive"/>
        <pin num="16" name="IO13" type="BiDi"/>
        <pin num="17" name="SHD/SD2" type="BiDi"/>
        <pin num="18" name="SWP/SD3" type="BiDi"/>
        <pin num="19" name="SCS/CMD" type="BiDi"/>
        <pin num="20" name="SCK/CLK" type="BiDi"/>
        <pin num="21" name="SDO/SD0" type="BiDi"/>
        <pin num="22" name="SDI/SD1" type="BiDi"/>
        <pin num="23" name="IO15" type="BiDi"/>
        <pin num="24" name="IO2" type="BiDi"/>
        <pin num="25" name="IO0" type="BiDi"/>
        <pin num="26" name="IO4" type="BiDi"/>
        <pin num="27" name="IO16" type="BiDi"/>
        <pin num="28" name="IO17" type="BiDi"/>
        <pin num="29" name="IO5" type="BiDi"/>
        <pin num="30" name="IO18" type="BiDi"/>
        <pin num="31" name="IO19" type="BiDi"/>
        <pin num="32" name="NC" type="NotConnected"/>
        <pin num="33" name="IO21" type="BiDi"/>
        <pin num="34" name="RXD0/IO3" type="BiDi"/>
        <pin num="35" name="TXD0/IO1" type="BiDi"/>
        <pin num="36" name="IO22" type="BiDi"/>
        <pin num="37" name="IO23" type="BiDi"/>
        <pin num="38" name="GND" type="passive"/>
        <pin num="39" name="GND" type="passive"/>
      </pins>
    </libpart>
    <libpart lib="Regulator_Linear" part="AP1117-15">
      <aliases>
        <alias>AP1117-18</alias>
        <alias>AP1117-25</alias>
        <alias>AP1117-33</alias>
        <alias>AP1117-50</alias>
        <alias>LD1117S33TR_SOT223</alias>
        <alias>LD1117S12TR_SOT223</alias>
        <alias>LD1117S18TR_SOT223</alias>
        <alias>LD1117S25TR_SOT223</alias>
        <alias>LD1117S50TR_SOT223</alias>
        <alias>NCP1117-12_SOT223</alias>
        <alias>NCP1117-1.5_SOT223</alias>
        <alias>NCP1117-1.8_SOT223</alias>
        <alias>NCP1117-2.0_SOT223</alias>
        <alias>NCP1117-2.5_SOT223</alias>
        <alias>NCP1117-2.85_SOT223</alias>
        <alias>NCP1117-3.3_SOT223</alias>
        <alias>NCP1117-5.0_SOT223</alias>
        <alias>AMS1117-1.5</alias>
        <alias>AMS1117-1.8</alias>
        <alias>AMS1117-2.5</alias>
        <alias>AMS1117-2.85</alias>
        <alias>AMS1117-3.3</alias>
        <alias>AMS1117-5.0</alias>
      </aliases>
      <description>1A Low Dropout regulator, positive, 1.5V fixed output, SOT-223</description>
      <docs>http://www.diodes.com/datasheets/AP1117.pdf</docs>
      <footprints>
        <fp>SOT?223*TabPin2*</fp>
      </footprints>
      <fields>
        <field name="Reference">U</field>
        <field name="Value">AP1117-15</field>
        <field name="Footprint">Package_TO_SOT_SMD:SOT-223-3_TabPin2</field>
      </fields>
      <pins>
        <pin num="1" name="GND" type="power_in"/>
        <pin num="2" name="VO" type="power_out"/>
        <pin num="3" name="VI" type="power_in"/>
      </pins>
    </libpart>
    <libpart lib="Regulator_Switching" part="LM2576HVT-12">
      <aliases>
        <alias>LM2576HVT-3.3</alias>
        <alias>LM2576HVT-5</alias>
        <alias>LM2576HVT-15</alias>
        <alias>LM2576HVT-ADJ</alias>
        <alias>LM2576T-12</alias>
        <alias>LM2576T-3.3</alias>
        <alias>LM2576T-5</alias>
        <alias>LM2576T-15</alias>
        <alias>LM2576T-ADJ</alias>
        <alias>LM2575BT-ADJ</alias>
        <alias>LM2575-3.3BT</alias>
        <alias>LM2575-5.0BT</alias>
        <alias>LM2575-12BT</alias>
        <alias>GL2576-3.3TB5T</alias>
        <alias>GL2576-5.0TB5T</alias>
        <alias>GL2576-12TB5T</alias>
        <alias>GL2576-15TB5T</alias>
        <alias>GL2576-ATB5T</alias>
      </aliases>
      <description>12V, 3A SIMPLE SWITCHER® Step-Down Voltage Regulator, High Voltage Input, TO-220-5</description>
      <docs>http://www.ti.com/lit/ds/symlink/lm2576.pdf</docs>
      <footprints>
        <fp>TO?220*</fp>
      </footprints>
      <fields>
        <field name="Reference">U</field>
        <field name="Value">LM2576HVT-12</field>
        <field name="Footprint">Package_TO_SOT_THT:TO-220-5_Vertical</field>
      </fields>
      <pins>
        <pin num="1" name="VIN" type="power_in"/>
        <pin num="2" name="OUT" type="output"/>
        <pin num="3" name="GND" type="power_in"/>
        <pin num="4" name="FB" type="input"/>
        <pin num="5" name="~ON~/OFF" type="input"/>
      </pins>
    </libpart>
    <libpart lib="Switch" part="SW_Push">
      <description>Push button switch, generic, two pins</description>
      <docs>~</docs>
      <fields>
        <field name="Reference">SW</field>
        <field name="Value">SW_Push</field>
      </fields>
      <pins>
        <pin num="1" name="1" type="passive"/>
        <pin num="2" name="2" type="passive"/>
      </pins>
    </libpart>
  </libparts>
  <libraries>
    <library logical="Connector_Generic">
      <uri>C:\Program Files\KiCad\share\kicad\library/Connector_Generic.lib</uri>
    </library>
    <library logical="Device">
      <uri>C:\Program Files\KiCad\share\kicad\library/Device.lib</uri>
    </library>
    <library logical="Diode">
      <uri>C:\Program Files\KiCad\share\kicad\library/Diode.lib</uri>
    </library>
    <library logical="RF_Module">
      <uri>C:\Program Files\KiCad\share\kicad\library/RF_Module.lib</uri>
    </library>
    <library logical="Regulator_Linear">
      <uri>C:\Program Files\KiCad\share\kicad\library/Regulator_Linear.lib</uri>
    </library>
    <library logical="Regulator_Switching">
      <uri>C:\Program Files\KiCad\share\kicad\library/Regulator_Switching.lib</uri>
    </library>
    <library logical="Switch">
      <uri>C:\Program Files\KiCad\share\kicad\library/Switch.lib</uri>
    </library>
  </libraries>
  <nets>
    <net code="1" name="Earth">
      <node ref="J6" pin="2"/>
      <node ref="R6" pin="2"/>
      <node ref="J1" pin="1"/>
      <node ref="C1" pin="2"/>
      <node ref="U1" pin="15"/>
      <node ref="SW1" pin="1"/>
      <node ref="C2" pin="2"/>
      <node ref="J3" pin="1"/>
      <node ref="U1" pin="1"/>
      <node ref="U1" pin="38"/>
      <node ref="C7" pin="2"/>
      <node ref="C6" pin="2"/>
      <node ref="U3" pin="1"/>
      <node ref="U1" pin="39"/>
      <node ref="Q1" pin="3"/>
      <node ref="J5" pin="1"/>
      <node ref="C5" pin="2"/>
      <node ref="D14" pin="2"/>
      <node ref="J4" pin="2"/>
      <node ref="C3" pin="2"/>
      <node ref="U2" pin="5"/>
      <node ref="SW2" pin="1"/>
      <node ref="C4" pin="2"/>
      <node ref="U2" pin="3"/>
    </net>
    <net code="2" name="Net-(J5-Pad2)">
      <node ref="R5" pin="2"/>
      <node ref="J5" pin="2"/>
    </net>
    <net code="3" name="Net-(J4-Pad1)">
      <node ref="J4" pin="1"/>
    </net>
    <net code="4" name="Net-(J4-Pad3)">
      <node ref="J4" pin="3"/>
    </net>
    <net code="5" name="Net-(C3-Pad1)">
      <node ref="R4" pin="2"/>
      <node ref="SW2" pin="2"/>
      <node ref="C3" pin="1"/>
    </net>
    <net code="6" name="BOOT">
      <node ref="U1" pin="25"/>
      <node ref="R4" pin="1"/>
      <node ref="R2" pin="2"/>
    </net>
    <net code="7" name="Net-(D1-Pad1)">
      <node ref="R6" pin="1"/>
      <node ref="D1" pin="1"/>
    </net>
    <net code="8" name="Net-(J7-Pad1)">
      <node ref="Q1" pin="2"/>
      <node ref="J7" pin="1"/>
    </net>
    <net code="9" name="/Battery Level Guage/BATT_GND">
      <node ref="D7" pin="2"/>
      <node ref="D12" pin="1"/>
      <node ref="D13" pin="1"/>
      <node ref="D9" pin="1"/>
      <node ref="J2" pin="1"/>
      <node ref="D8" pin="2"/>
      <node ref="D10" pin="1"/>
      <node ref="D11" pin="1"/>
    </net>
    <net code="10" name="/Battery Level Guage/BATT_10CELL">
      <node ref="J2" pin="2"/>
      <node ref="D2" pin="1"/>
    </net>
    <net code="11" name="/Battery Level Guage/BATT_SENS">
      <node ref="J2" pin="3"/>
      <node ref="D8" pin="1"/>
      <node ref="R7" pin="1"/>
    </net>
    <net code="12" name="Net-(J6-Pad1)">
      <node ref="J6" pin="1"/>
    </net>
    <net code="13" name="Net-(J6-Pad3)">
      <node ref="J6" pin="3"/>
    </net>
    <net code="14" name="Net-(U1-Pad10)">
      <node ref="U1" pin="10"/>
    </net>
    <net code="15" name="V_LED">
      <node ref="C6" pin="1"/>
      <node ref="U3" pin="3"/>
      <node ref="C5" pin="1"/>
      <node ref="L1" pin="2"/>
      <node ref="U2" pin="4"/>
      <node ref="J7" pin="2"/>
    </net>
    <net code="16" name="Net-(U1-Pad30)">
      <node ref="U1" pin="30"/>
    </net>
    <net code="17" name="IO19(BRMODE)">
      <node ref="U1" pin="31"/>
      <node ref="R5" pin="1"/>
      <node ref="C1" pin="1"/>
    </net>
    <net code="18" name="Net-(U1-Pad32)">
      <node ref="U1" pin="32"/>
    </net>
    <net code="19" name="IO21(LED)">
      <node ref="Q1" pin="1"/>
      <node ref="U1" pin="33"/>
    </net>
    <net code="20" name="RXD0">
      <node ref="J4" pin="4"/>
      <node ref="U1" pin="34"/>
    </net>
    <net code="21" name="TXD0">
      <node ref="U1" pin="35"/>
      <node ref="J4" pin="5"/>
    </net>
    <net code="22" name="IO22(IND)">
      <node ref="U1" pin="36"/>
      <node ref="D1" pin="2"/>
    </net>
    <net code="23" name="Net-(U1-Pad37)">
      <node ref="U1" pin="37"/>
    </net>
    <net code="24" name="Net-(U1-Pad29)">
      <node ref="U1" pin="29"/>
    </net>
    <net code="25" name="Net-(U1-Pad4)">
      <node ref="U1" pin="4"/>
    </net>
    <net code="26" name="Net-(U1-Pad5)">
      <node ref="U1" pin="5"/>
    </net>
    <net code="27" name="IO34(LVSENS)">
      <node ref="U1" pin="6"/>
      <node ref="J1" pin="3"/>
    </net>
    <net code="28" name="Net-(U1-Pad7)">
      <node ref="U1" pin="7"/>
    </net>
    <net code="29" name="Net-(U1-Pad8)">
      <node ref="U1" pin="8"/>
    </net>
    <net code="30" name="Net-(U1-Pad9)">
      <node ref="U1" pin="9"/>
    </net>
    <net code="31" name="Net-(U1-Pad19)">
      <node ref="U1" pin="19"/>
    </net>
    <net code="32" name="Net-(U1-Pad11)">
      <node ref="U1" pin="11"/>
    </net>
    <net code="33" name="Net-(U1-Pad12)">
      <node ref="U1" pin="12"/>
    </net>
    <net code="34" name="Net-(U1-Pad13)">
      <node ref="U1" pin="13"/>
    </net>
    <net code="35" name="Net-(U1-Pad14)">
      <node ref="U1" pin="14"/>
    </net>
    <net code="36" name="Net-(U1-Pad16)">
      <node ref="U1" pin="16"/>
    </net>
    <net code="37" name="Net-(U1-Pad17)">
      <node ref="U1" pin="17"/>
    </net>
    <net code="38" name="Net-(U1-Pad18)">
      <node ref="U1" pin="18"/>
    </net>
    <net code="39" name="Net-(U1-Pad20)">
      <node ref="U1" pin="20"/>
    </net>
    <net code="40" name="Net-(U1-Pad21)">
      <node ref="U1" pin="21"/>
    </net>
    <net code="41" name="Net-(U1-Pad22)">
      <node ref="U1" pin="22"/>
    </net>
    <net code="42" name="Net-(U1-Pad23)">
      <node ref="U1" pin="23"/>
    </net>
    <net code="43" name="Net-(U1-Pad24)">
      <node ref="U1" pin="24"/>
    </net>
    <net code="44" name="Net-(U1-Pad26)">
      <node ref="U1" pin="26"/>
    </net>
    <net code="45" name="RXD2">
      <node ref="U1" pin="27"/>
      <node ref="J6" pin="4"/>
    </net>
    <net code="46" name="TXD2">
      <node ref="U1" pin="28"/>
      <node ref="J6" pin="5"/>
    </net>
    <net code="47" name="EN">
      <node ref="U1" pin="3"/>
      <node ref="R1" pin="2"/>
      <node ref="R3" pin="1"/>
    </net>
    <net code="48" name="Net-(C2-Pad1)">
      <node ref="SW1" pin="2"/>
      <node ref="C2" pin="1"/>
      <node ref="R3" pin="2"/>
    </net>
    <net code="49" name="VCC">
      <node ref="U3" pin="2"/>
      <node ref="C7" pin="1"/>
      <node ref="U1" pin="2"/>
      <node ref="R1" pin="1"/>
      <node ref="R2" pin="1"/>
    </net>
    <net code="50" name="V_BATT">
      <node ref="J1" pin="2"/>
      <node ref="J3" pin="2"/>
      <node ref="U2" pin="1"/>
      <node ref="C4" pin="1"/>
    </net>
    <net code="51" name="Net-(D13-Pad2)">
      <node ref="D13" pin="2"/>
      <node ref="R12" pin="1"/>
    </net>
    <net code="52" name="Net-(D6-Pad2)">
      <node ref="D7" pin="1"/>
      <node ref="R12" pin="2"/>
      <node ref="D6" pin="2"/>
    </net>
    <net code="53" name="Net-(D12-Pad2)">
      <node ref="D12" pin="2"/>
      <node ref="R11" pin="1"/>
    </net>
    <net code="54" name="Net-(D2-Pad2)">
      <node ref="D3" pin="1"/>
      <node ref="D2" pin="2"/>
      <node ref="R7" pin="2"/>
      <node ref="R8" pin="2"/>
    </net>
    <net code="55" name="Net-(D3-Pad2)">
      <node ref="D3" pin="2"/>
      <node ref="R9" pin="2"/>
      <node ref="D4" pin="1"/>
    </net>
    <net code="56" name="Net-(D5-Pad2)">
      <node ref="D6" pin="1"/>
      <node ref="R11" pin="2"/>
      <node ref="D5" pin="2"/>
    </net>
    <net code="57" name="Net-(D11-Pad2)">
      <node ref="R10" pin="1"/>
      <node ref="D11" pin="2"/>
    </net>
    <net code="58" name="Net-(D4-Pad2)">
      <node ref="D4" pin="2"/>
      <node ref="R10" pin="2"/>
      <node ref="D5" pin="1"/>
    </net>
    <net code="59" name="Net-(D10-Pad2)">
      <node ref="D10" pin="2"/>
      <node ref="R9" pin="1"/>
    </net>
    <net code="60" name="Net-(D9-Pad2)">
      <node ref="D9" pin="2"/>
      <node ref="R8" pin="1"/>
    </net>
    <net code="61" name="Net-(D14-Pad1)">
      <node ref="U2" pin="2"/>
      <node ref="D14" pin="1"/>
      <node ref="L1" pin="1"/>
    </net>
  </nets>
</export>
