Reference, Quantity, Value, Footprint, Datasheet, MPN
C1 C2 C3 ,3,"0.1u","Capacitor_SMD:C_0603_1608Metric","~"
C4 ,1,"100uF/50V","Capacitor_SMD:CP_Elec_8x10.5","https://www.eleparts.co.kr/goods/view?no=10228652","RVT100UF50V67RV0040"
C5 ,1,"1000uF/6.3V","Capacitor_SMD:CP_Elec_8x11.9","https://www.eleparts.co.kr/goods/view?no=10159813","PCL0J102MCL1GS"
C6 C7 ,2,"4.7uF/3216","Capacitor_SMD:C_1206_3216Metric_Pad1.33x1.80mm_HandSolder","https://www.eleparts.co.kr/goods/view?no=10364622","1206YG475ZAT2A"
D1 ,1,"LED","LED_SMD:LED_0805_2012Metric_Pad1.15x1.40mm_HandSolder","~"
D14 ,1,"1N5822","Diode_THT:D_DO-201AD_P12.70mm_Horizontal","https://www.eleparts.co.kr/goods/view?no=263","1N5822"
D2 ,1,"zenor/32v","Diode_SMD:D_SOD-123","https://kr.mouser.com/ProductDetail/771-BZT52-C30J","BZT52-C30J"
D3 D4 D5 D6 D7 ,5,"zenor/2v","Diode_SMD:D_SOD-523","https://kr.mouser.com/ProductDetail/621-BZT52C2V0T-7","BZT52C2V0T-7"
D8 ,1,"zenor/3.3v","Diode_SMD:D_SOD-323","https://kr.mouser.com/ProductDetail/Nexperia/BZX384-B3V3115?qs=me8TqzrmIYVuHLWhEzkEXA%3D%3D","BZX384-B3V3,115"
D9 D10 D11 D12 D13 ,5,"RED","LED_SMD:LED_0805_2012Metric","https://www.eleparts.co.kr/goods/view?no=8104618","WR148SR-W"
J1 J2 ,2,"Conn_01x03","Connector_PinHeader_2.54mm:PinHeader_1x03_P2.54mm_Vertical","~"
J3 ,1,"Batt","Connector_AMASS:AMASS_XT30U-F_1x02_P5.0mm_Vertical","~"
J4 ,1,"UART0","Connector_JST:JST_PH_B5B-PH-K_1x05_P2.00mm_Vertical","~"
J5 ,1,"Button","Connector_JST:JST_PH_S2B-PH-K_1x02_P2.00mm_Horizontal","~"
J6 ,1,"UART2","Connector_JST:JST_PH_B5B-PH-K_1x05_P2.00mm_Vertical","~"
J7 ,1,"LED","Connector_JST:JST_PH_S2B-PH-K_1x02_P2.00mm_Horizontal","~"
L1 ,1,"100uH","Inductor_THT:L_Toroid_Vertical_L24.6mm_W15.5mm_P11.44mm_Pulse_KM-4","https://www.eleparts.co.kr/goods/view?no=2449939","DPO-3.0-100"
Q1 ,1,"N-FET","Package_TO_SOT_THT:TO-220-3_Horizontal_TabDown","https://www.eleparts.co.kr/goods/view?no=2131","IRFZ44NPBF"
R1 R2 R7 ,3,"100k","Resistor_SMD:R_0603_1608Metric","~"
R10 ,1,"280","Resistor_SMD:R_0603_1608Metric","~"
R11 ,1,"150","Resistor_SMD:R_0603_1608Metric","~"
R3 R4 R5 R12 ,4,"100","Resistor_SMD:R_0603_1608Metric","~"
R6 R8 ,2,"560","Resistor_SMD:R_0603_1608Metric","~"
R9 ,1,"430","Resistor_SMD:R_0603_1608Metric","~"
SW1 SW2 ,2,"EN","Tact_Switch:CTT-1135P1","~"
U1 ,1,"ESP32-WROOM-32","RF_Module:ESP32-WROOM-32","https://www.espressif.com/sites/default/files/documentation/esp32-wroom-32_datasheet_en.pdf","ESP32-WROOM-32E"
U2 ,1,"LM2576HVT-5","Package_TO_SOT_THT:TO-220-5_Horizontal_TabDown","http://www.ti.com/lit/ds/symlink/lm2576.pdf","LM2576HVT-5.0/NOPB"
U3 ,1,"LD1117S33TR_SOT223","Package_TO_SOT_SMD:SOT-223-3_TabPin2","https://www.eleparts.co.kr/goods/view?no=7043405","ZLDO1117QG33TA"